[
	{
		"card_color" : "primary-bg",
		"icon" : "fa-user-plus",
		"title" : "Home Page"
		
   },
   {
		"card_color" : "success-bg",
		"icon" : "fa-user-plus",
		"title" : "Authentication"
		
   },
   {
		"card_color" : "accent-bg",
		"icon" : "fa-user-plus",
		"title" : "Online Transfers"
		
   },
   {
		"card_color" : "warn-bg",
		"icon" : "fa-user-plus",
		"title" : "Online Payments"
		
   },
   {
		"card_color" : "success-bg",
		"icon" : "fa-user-plus",
		"title" : "Online Accounts"
		
   },
   {
		"card_color" : "success-bg",
		"icon" : "fa-user-plus",
		"title" : "Online Applications"
		
   }
]   
